title,description,type,module,priority,resolution
Login fails with correct password after password reset,Users who reset their password get an invalid credentials error when logging in with the new password.,bug,authentication,high,Password hash was saved before the salt was regenerated. Reset flow now re-hashes with the new salt and clears the session cache.
Checkout returns 500 error when applying discount code,Applying any discount code at checkout shows a server error and the order cannot be completed.,bug,payments,critical,Null reference when a coupon had no expiry date. Added a null check and default expiry handling; released as hotfix 2.3.1.
Monthly sales report shows wrong totals,Totals in the monthly sales report do not match the orders page. The difference seems to be refunded orders.,bug,reporting,medium,Report query included refunded orders. Added a filter to exclude orders with status refunded.
Add dark mode to the dashboard,Several customers have asked for a dark theme for the admin dashboard.,feature_request,user_interface,low,Implemented a theme toggle using CSS variables; released in version 2.5.
Product search is very slow,Searching the product catalogue takes 8 to 10 seconds for stores with large catalogues.,bug,performance,high,Added a full-text index on product name and description and cached results for five minutes. Search now returns in under 300 ms.
How do I regenerate my API key,A developer asked where to regenerate their API key after it was exposed.,question,api,low,API keys can be regenerated from Settings > Developer > Regenerate key. Added to the FAQ.
Card payments declined for all Visa cards,Since this morning every Visa transaction is declined. Mastercard payments still work.,bug,payments,critical,The payment gateway certificate had expired. Renewed the certificate and added an expiry monitoring alert.
Session expires too quickly,Users are logged out after only five minutes of inactivity.,bug,authentication,medium,Session timeout in the production environment file was set to 5 minutes. Restored it to 30 minutes.
Export reports to Excel,The finance team wants to export reports as Excel files instead of copying tables manually.,feature_request,reporting,medium,Added XLSX export on the report page.
REST API returns 429 too often,Integration partners are hitting the rate limit at very low request volumes.,bug,api,high,Rate limiter counted requests per IP behind the load balancer. Switched to per-API-key limits and fixed forwarded-IP handling.
Place order button text overlaps on mobile,The place order button text is cut off on small phone screens.,bug,user_interface,low,Fixed flex wrapping and minimum button width for screens narrower than 360px.
Dashboard takes a long time to load in the morning,The admin dashboard takes over 20 seconds to load at the start of the day.,bug,performance,medium,Heavy aggregate queries ran on page load. Moved them to a nightly precomputed summary table.
Add two-factor authentication,Enterprise clients are asking for two-factor authentication for admin accounts.,feature_request,authentication,medium,Implemented optional TOTP two-factor authentication with authenticator apps.
Order confirmation emails not sent,Customers have not received order confirmation emails since yesterday.,bug,other,high,SMTP credentials were rotated but not updated in configuration. Updated the secrets and added email failure alerts.
Customers charged twice when double clicking pay,A customer was charged twice after clicking the pay button twice quickly.,bug,payments,critical,Added an idempotency key to payment requests and disabled the pay button after the first click.
API documentation missing pagination details,A partner asked how pagination works because the API docs do not explain it.,question,api,low,Updated the API documentation to describe the page and page_size parameters and Link headers.
Password reset link expires immediately,Users click the password reset link in the email and are told it has expired.,bug,authentication,high,Token expiry compared UTC time to local server time. Normalised all timestamps to UTC.
Report date filter ignores end date,Filtering a report by date range excludes orders from the end date.,bug,reporting,medium,The end date was treated as exclusive. Changed the filter to include the whole end day.
Product images not loading after CDN migration,Product pages show broken image icons since the CDN migration.,bug,user_interface,high,Old image URLs were hardcoded to the previous CDN domain. Migrated stored URLs and added a rewrite rule.
Memory usage keeps growing on API server,The API server runs out of memory and restarts every few days.,bug,performance,high,A background job left database connections open. Wrapped connections in a context manager and set pool limits.
Schedule reports to be emailed weekly,Managers want reports emailed to them automatically every week.,feature_request,reporting,low,Added scheduled report emails with weekly and monthly options.
Refund not reflecting in customer account,A refund was processed but the customer's balance did not change.,bug,payments,high,Payment gateway webhook failed signature verification after a secret rotation. Updated the webhook secret and added failure logging.
Account locked after one wrong password,Users are locked out after entering a wrong password only once.,bug,authentication,medium,Lockout threshold was misconfigured as 1. Set it to 5 attempts with a 15 minute cooldown.
Add webhook for order status changes,Partners want to be notified automatically when an order status changes.,feature_request,api,medium,Implemented an order.status_changed webhook with signing and retries.
Table columns misaligned in Safari,Report table columns are misaligned when viewed in Safari.,bug,user_interface,low,Worked around a Safari flexbox issue by switching the table layout to CSS grid.
Is there a limit on product variants,A store owner asked how many variants a single product can have.,question,other,low,Up to 100 variants per product. Documented in the help centre.
Entire site down with 502 Bad Gateway,All users see a 502 Bad Gateway error and the site is unreachable.,bug,performance,critical,The application server crashed because the disk filled with log files. Cleared logs and enabled log rotation and disk alerts.
CSV product import fails with accented characters,Importing products whose names contain accented or non-English characters fails.,bug,other,medium,File was decoded as ASCII. Switched to UTF-8 decoding with BOM detection.
Add bulk discount pricing,Wholesale customers want lower prices when buying in large quantities.,feature_request,payments,low,Implemented tiered pricing rules in the discount engine.
SQL injection in search parameter,A security test found that the search parameter is vulnerable to SQL injection.,bug,api,critical,Replaced string-built SQL with a parameterised query and added input validation and a security regression test.
Update SSL certificate before expiry,The SSL certificate for the admin domain expires next month and needs renewing.,task,other,medium,Renewed the certificate and switched to automatic renewal.
Upgrade database to supported version,The production database version reaches end of support this year.,task,performance,medium,Upgraded the database in a scheduled maintenance window after testing on staging.
